query_idx,vector
21,"[ 2.19403368e-05  7.77927954e-05 -7.59109362e-05 ... -3.81109950e-05
 -2.65668762e-05 -1.53865139e-05]"
