query_idx,hybrid_ndcg,taumode_ndcg,taumode_spearman
0,0.0,0.0,0.0
1,0.6828207893180352,0.3154648767857289,0.0
2,0.8764652146503623,0.0,0.0
3,0.966972486260067,0.0,0.0
4,0.9495472628833045,0.7319935281302447,0.19999999999999998
5,1.0,0.0,0.0
6,0.9647815339562321,1.0,0.0
7,1.0,1.0,0.0
8,0.0,0.0,0.0
9,0.3683693709679997,0.0,0.0
